{
	"class_name" : "PinholeCameraParameters",
	"extrinsic" : 
	[
		0.9648798783501904,
		-0.22414678346469621,
		-0.13698554601618623,
		0.0,
		0.12280268019224808,
		-0.076104436945079332,
		0.98950877530968517,
		0.0,
		-0.23222041704493285,
		-0.97157929894564099,
		-0.045905814095541703,
		0.0,
		-1.3733760834331881,
		5.1544948856172201,
		-3.2283812802448013,
		1.0
	],
	"intrinsic" : 
	{
		"height" : 1055,
		"intrinsic_matrix" : 
		[
			913.65680099258282,
			0.0,
			0.0,
			0.0,
			913.65680099258282,
			0.0,
			959.5,
			527.0,
			1.0
		],
		"width" : 1920
	},
	"version_major" : 1,
	"version_minor" : 0
}